{"eval_exact_match": 21.666666666666668, "eval_f1": 47.68452382782643}