{"eval_exact_match": 89.14616497829233, "eval_f1": 92.32849880462035}