{"eval_exact_match": 78.240302743614, "eval_f1": 85.93912406954418}