{"eval_exact_match": 72.49417249417249, "eval_f1": 84.20560072972614}