{"eval_exact_match": 7.246376811594203, "eval_f1": 30.530985488379745}