{"eval_exact_match": 18.333333333333332, "eval_f1": 50.40196253456057}